﻿<?xml version="1.0" encoding="utf-8"?>
<TextureAtlas imagePath="GrimboMoveset.png">
	<!-- Created with Adobe Animate version 19.2.0.405 -->
	<!-- http://www.adobe.com/products/animate.html -->
	<SubTexture name="GrimboAttack0000" x="0" y="0" width="305" height="321" frameX="-274" frameY="0" frameWidth="579" frameHeight="326"/>
	<SubTexture name="GrimboAttack0001" x="0" y="0" width="305" height="321" frameX="-274" frameY="0" frameWidth="579" frameHeight="326"/>
	<SubTexture name="GrimboAttack0002" x="0" y="0" width="305" height="321" frameX="-274" frameY="0" frameWidth="579" frameHeight="326"/>
	<SubTexture name="GrimboAttack0003" x="0" y="0" width="305" height="321" frameX="-274" frameY="0" frameWidth="579" frameHeight="326"/>
	<SubTexture name="GrimboAttack0004" x="0" y="0" width="305" height="321" frameX="-274" frameY="0" frameWidth="579" frameHeight="326"/>
	<SubTexture name="GrimboAttack0005" x="0" y="0" width="305" height="321" frameX="-274" frameY="0" frameWidth="579" frameHeight="326"/>
	<SubTexture name="GrimboAttack0006" x="305" y="0" width="525" height="315" frameX="-10" frameY="-6" frameWidth="579" frameHeight="326"/>
	<SubTexture name="GrimboAttack0007" x="305" y="0" width="525" height="315" frameX="-10" frameY="-6" frameWidth="579" frameHeight="326"/>
	<SubTexture name="GrimboAttack0008" x="830" y="0" width="535" height="315" frameX="0" frameY="-6" frameWidth="579" frameHeight="326"/>
	<SubTexture name="GrimboAttack0009" x="830" y="0" width="535" height="315" frameX="0" frameY="-6" frameWidth="579" frameHeight="326"/>
	<SubTexture name="GrimboAttack0010" x="830" y="0" width="535" height="315" frameX="0" frameY="-6" frameWidth="579" frameHeight="326"/>
	<SubTexture name="GrimboAttack0011" x="1365" y="0" width="494" height="311" frameX="-41" frameY="-10" frameWidth="579" frameHeight="326"/>
	<SubTexture name="GrimboAttack0012" x="1365" y="0" width="494" height="311" frameX="-41" frameY="-10" frameWidth="579" frameHeight="326"/>
	<SubTexture name="GrimboAttack0013" x="1365" y="0" width="494" height="311" frameX="-41" frameY="-10" frameWidth="579" frameHeight="326"/>
	<SubTexture name="GrimboAttack0014" x="1365" y="0" width="494" height="311" frameX="-41" frameY="-10" frameWidth="579" frameHeight="326"/>
	<SubTexture name="GrimboAttack0015" x="0" y="321" width="449" height="316" frameX="-86" frameY="-10" frameWidth="579" frameHeight="326"/>
	<SubTexture name="GrimboAttack0016" x="449" y="321" width="283" height="311" frameX="-252" frameY="-10" frameWidth="579" frameHeight="326"/>
	<SubTexture name="GrimboAttack0017" x="449" y="321" width="283" height="311" frameX="-252" frameY="-10" frameWidth="579" frameHeight="326"/>
	<SubTexture name="GrimboAttack0018" x="449" y="321" width="283" height="311" frameX="-252" frameY="-10" frameWidth="579" frameHeight="326"/>
	<SubTexture name="GrimboAttack0019" x="732" y="321" width="283" height="311" frameX="-252" frameY="-10" frameWidth="579" frameHeight="326"/>
	<SubTexture name="GrimboAttack0020" x="732" y="321" width="283" height="311" frameX="-252" frameY="-10" frameWidth="579" frameHeight="326"/>
	<SubTexture name="GrimboAttack0021" x="732" y="321" width="283" height="311" frameX="-252" frameY="-10" frameWidth="579" frameHeight="326"/>
	<SubTexture name="GrimboAttack0022" x="732" y="321" width="283" height="311" frameX="-252" frameY="-10" frameWidth="579" frameHeight="326"/>
	<SubTexture name="GrimboAttack0023" x="732" y="321" width="283" height="311" frameX="-252" frameY="-10" frameWidth="579" frameHeight="326"/>
	<SubTexture name="GrimboDeath0000" x="1015" y="321" width="552" height="321" frameX="0" frameY="0" frameWidth="650" frameHeight="325"/>
	<SubTexture name="GrimboDeath0001" x="1015" y="321" width="552" height="321" frameX="0" frameY="0" frameWidth="650" frameHeight="325"/>
	<SubTexture name="GrimboDeath0002" x="1567" y="321" width="434" height="145" frameX="-44" frameY="-180" frameWidth="650" frameHeight="325"/>
	<SubTexture name="GrimboDeath0003" x="1567" y="321" width="434" height="145" frameX="-44" frameY="-180" frameWidth="650" frameHeight="325"/>
	<SubTexture name="GrimboDeath0004" x="1567" y="321" width="434" height="145" frameX="-44" frameY="-180" frameWidth="650" frameHeight="325"/>
	<SubTexture name="GrimboDeath0005" x="1567" y="321" width="434" height="145" frameX="-44" frameY="-180" frameWidth="650" frameHeight="325"/>
	<SubTexture name="GrimboDeath0006" x="0" y="642" width="606" height="149" frameX="-44" frameY="-174" frameWidth="650" frameHeight="325"/>
	<SubTexture name="GrimboDeath0007" x="0" y="642" width="606" height="149" frameX="-44" frameY="-174" frameWidth="650" frameHeight="325"/>
	<SubTexture name="GrimboDeath0008" x="0" y="642" width="606" height="149" frameX="-44" frameY="-174" frameWidth="650" frameHeight="325"/>
	<SubTexture name="GrimboIdle0000" x="606" y="642" width="316" height="331" frameX="0" frameY="0" frameWidth="329" frameHeight="331"/>
	<SubTexture name="GrimboIdle0001" x="606" y="642" width="316" height="331" frameX="0" frameY="0" frameWidth="329" frameHeight="331"/>
	<SubTexture name="GrimboIdle0002" x="606" y="642" width="316" height="331" frameX="0" frameY="0" frameWidth="329" frameHeight="331"/>
	<SubTexture name="GrimboIdle0003" x="606" y="642" width="316" height="331" frameX="0" frameY="0" frameWidth="329" frameHeight="331"/>
	<SubTexture name="GrimboIdle0004" x="922" y="642" width="329" height="329" frameX="0" frameY="-2" frameWidth="329" frameHeight="331"/>
	<SubTexture name="GrimboIdle0005" x="922" y="642" width="329" height="329" frameX="0" frameY="-2" frameWidth="329" frameHeight="331"/>
	<SubTexture name="GrimboIdle0006" x="922" y="642" width="329" height="329" frameX="0" frameY="-2" frameWidth="329" frameHeight="331"/>
	<SubTexture name="GrimboIdle0007" x="922" y="642" width="329" height="329" frameX="0" frameY="-2" frameWidth="329" frameHeight="331"/>
	<SubTexture name="GrimboWalk0000" x="1251" y="642" width="332" height="334"/>
	<SubTexture name="GrimboWalk0001" x="1251" y="642" width="332" height="334"/>
	<SubTexture name="GrimboWalk0002" x="1583" y="642" width="321" height="330" frameX="-1" frameY="-4" frameWidth="332" frameHeight="334"/>
	<SubTexture name="GrimboWalk0003" x="1583" y="642" width="321" height="330" frameX="-1" frameY="-4" frameWidth="332" frameHeight="334"/>
	<SubTexture name="GrimboWalk0004" x="1583" y="642" width="321" height="330" frameX="-1" frameY="-4" frameWidth="332" frameHeight="334"/>
	<SubTexture name="GrimboWalk0005" x="0" y="976" width="303" height="308" frameX="-7" frameY="-26" frameWidth="332" frameHeight="334"/>
	<SubTexture name="GrimboWalk0006" x="0" y="976" width="303" height="308" frameX="-7" frameY="-26" frameWidth="332" frameHeight="334"/>
	<SubTexture name="GrimboWalk0007" x="303" y="976" width="316" height="312" frameX="-1" frameY="-22" frameWidth="332" frameHeight="334"/>
	<SubTexture name="GrimboWalk0008" x="303" y="976" width="316" height="312" frameX="-1" frameY="-22" frameWidth="332" frameHeight="334"/>
	<SubTexture name="GrimboWalk0009" x="303" y="976" width="316" height="312" frameX="-1" frameY="-22" frameWidth="332" frameHeight="334"/>
</TextureAtlas>
