﻿<?xml version="1.0" encoding="utf-8"?>
<TextureAtlas imagePath="HoboMoveSet.png">
	<!-- Created with Adobe Animate version 19.2.0.405 -->
	<!-- http://www.adobe.com/products/animate.html -->
	<SubTexture name="HoboBlock0000" x="0" y="0" width="193" height="251" frameX="0" frameY="-8" frameWidth="193" frameHeight="259"/>
	<SubTexture name="HoboBlock0001" x="0" y="0" width="193" height="251" frameX="0" frameY="-8" frameWidth="193" frameHeight="259"/>
	<SubTexture name="HoboBlock0002" x="193" y="0" width="182" height="259" frameX="0" frameY="0" frameWidth="193" frameHeight="259"/>
	<SubTexture name="HoboBlock0003" x="193" y="0" width="182" height="259" frameX="0" frameY="0" frameWidth="193" frameHeight="259"/>
	<SubTexture name="HoboBlock0004" x="193" y="0" width="182" height="259" frameX="0" frameY="0" frameWidth="193" frameHeight="259"/>
	<SubTexture name="HoboBlock0005" x="375" y="0" width="174" height="256" frameX="-3" frameY="-3" frameWidth="193" frameHeight="259"/>
	<SubTexture name="HoboBlock0006" x="375" y="0" width="174" height="256" frameX="-3" frameY="-3" frameWidth="193" frameHeight="259"/>
	<SubTexture name="HoboCombo0000" x="549" y="0" width="293" height="263" frameX="-28" frameY="0" frameWidth="321" frameHeight="265"/>
	<SubTexture name="HoboCombo0001" x="549" y="0" width="293" height="263" frameX="-28" frameY="0" frameWidth="321" frameHeight="265"/>
	<SubTexture name="HoboCombo0002" x="842" y="0" width="283" height="263" frameX="-28" frameY="0" frameWidth="321" frameHeight="265"/>
	<SubTexture name="HoboCombo0003" x="842" y="0" width="283" height="263" frameX="-28" frameY="0" frameWidth="321" frameHeight="265"/>
	<SubTexture name="HoboCombo0004" x="842" y="0" width="283" height="263" frameX="-28" frameY="0" frameWidth="321" frameHeight="265"/>
	<SubTexture name="HoboCombo0005" x="842" y="0" width="283" height="263" frameX="-28" frameY="0" frameWidth="321" frameHeight="265"/>
	<SubTexture name="HoboCombo0006" x="842" y="0" width="283" height="263" frameX="-28" frameY="0" frameWidth="321" frameHeight="265"/>
	<SubTexture name="HoboCombo0007" x="1125" y="0" width="168" height="255" frameX="-28" frameY="-10" frameWidth="321" frameHeight="265"/>
	<SubTexture name="HoboCombo0008" x="1125" y="0" width="168" height="255" frameX="-28" frameY="-10" frameWidth="321" frameHeight="265"/>
	<SubTexture name="HoboCombo0009" x="1125" y="0" width="168" height="255" frameX="-28" frameY="-10" frameWidth="321" frameHeight="265"/>
	<SubTexture name="HoboCombo0010" x="1293" y="0" width="196" height="259" frameX="0" frameY="-6" frameWidth="321" frameHeight="265"/>
	<SubTexture name="HoboDeath0000" x="1489" y="0" width="176" height="272" frameX="0" frameY="0" frameWidth="328" frameHeight="310"/>
	<SubTexture name="HoboDeath0001" x="1489" y="0" width="176" height="272" frameX="0" frameY="0" frameWidth="328" frameHeight="310"/>
	<SubTexture name="HoboDeath0002" x="1489" y="0" width="176" height="272" frameX="0" frameY="0" frameWidth="328" frameHeight="310"/>
	<SubTexture name="HoboDeath0003" x="1665" y="0" width="224" height="279" frameX="-22" frameY="-19" frameWidth="328" frameHeight="310"/>
	<SubTexture name="HoboDeath0004" x="1665" y="0" width="224" height="279" frameX="-22" frameY="-19" frameWidth="328" frameHeight="310"/>
	<SubTexture name="HoboDeath0005" x="0" y="279" width="298" height="141" frameX="-29" frameY="-169" frameWidth="328" frameHeight="310"/>
	<SubTexture name="HoboDeath0006" x="0" y="279" width="298" height="141" frameX="-29" frameY="-169" frameWidth="328" frameHeight="310"/>
	<SubTexture name="HoboDeath0007" x="0" y="279" width="298" height="141" frameX="-29" frameY="-169" frameWidth="328" frameHeight="310"/>
	<SubTexture name="HoboDeath0008" x="0" y="279" width="298" height="141" frameX="-29" frameY="-169" frameWidth="328" frameHeight="310"/>
	<SubTexture name="HoboDeath0009" x="298" y="279" width="297" height="138" frameX="-31" frameY="-168" frameWidth="328" frameHeight="310"/>
	<SubTexture name="HoboDeath0010" x="298" y="279" width="297" height="138" frameX="-31" frameY="-168" frameWidth="328" frameHeight="310"/>
	<SubTexture name="HoboDeath0011" x="298" y="279" width="297" height="138" frameX="-31" frameY="-168" frameWidth="328" frameHeight="310"/>
	<SubTexture name="HoboDeath0012" x="298" y="279" width="297" height="138" frameX="-31" frameY="-168" frameWidth="328" frameHeight="310"/>
	<SubTexture name="HoboHurt0000" x="595" y="279" width="240" height="286"/>
	<SubTexture name="HoboHurt0001" x="595" y="279" width="240" height="286"/>
	<SubTexture name="HoboHurt0002" x="835" y="279" width="198" height="254" frameX="-5" frameY="-32" frameWidth="240" frameHeight="286"/>
	<SubTexture name="HoboHurt0003" x="835" y="279" width="198" height="254" frameX="-5" frameY="-32" frameWidth="240" frameHeight="286"/>
	<SubTexture name="HoboHurt0004" x="835" y="279" width="198" height="254" frameX="-5" frameY="-32" frameWidth="240" frameHeight="286"/>
	<SubTexture name="HoboHurt0005" x="1033" y="279" width="181" height="258" frameX="-33" frameY="-28" frameWidth="240" frameHeight="286"/>
	<SubTexture name="HoboHurt0006" x="1033" y="279" width="181" height="258" frameX="-33" frameY="-28" frameWidth="240" frameHeight="286"/>
	<SubTexture name="HoboIdle0000" x="1214" y="279" width="185" height="260" frameX="-1" frameY="0" frameWidth="186" frameHeight="260"/>
	<SubTexture name="HoboIdle0001" x="1214" y="279" width="185" height="260" frameX="-1" frameY="0" frameWidth="186" frameHeight="260"/>
	<SubTexture name="HoboIdle0002" x="1214" y="279" width="185" height="260" frameX="-1" frameY="0" frameWidth="186" frameHeight="260"/>
	<SubTexture name="HoboIdle0003" x="1214" y="279" width="185" height="260" frameX="-1" frameY="0" frameWidth="186" frameHeight="260"/>
	<SubTexture name="HoboIdle0004" x="1399" y="279" width="183" height="256" frameX="0" frameY="-4" frameWidth="186" frameHeight="260"/>
	<SubTexture name="HoboIdle0005" x="1399" y="279" width="183" height="256" frameX="0" frameY="-4" frameWidth="186" frameHeight="260"/>
	<SubTexture name="HoboIdle0006" x="1399" y="279" width="183" height="256" frameX="0" frameY="-4" frameWidth="186" frameHeight="260"/>
	<SubTexture name="HoboIdle0007" x="1399" y="279" width="183" height="256" frameX="0" frameY="-4" frameWidth="186" frameHeight="260"/>
	<SubTexture name="HoboPunch0000" x="1582" y="279" width="293" height="260" frameX="-18" frameY="0" frameWidth="311" frameHeight="263"/>
	<SubTexture name="HoboPunch0001" x="1582" y="279" width="293" height="260" frameX="-18" frameY="0" frameWidth="311" frameHeight="263"/>
	<SubTexture name="HoboPunch0002" x="0" y="565" width="281" height="260" frameX="-18" frameY="0" frameWidth="311" frameHeight="263"/>
	<SubTexture name="HoboPunch0003" x="0" y="565" width="281" height="260" frameX="-18" frameY="0" frameWidth="311" frameHeight="263"/>
	<SubTexture name="HoboPunch0004" x="0" y="565" width="281" height="260" frameX="-18" frameY="0" frameWidth="311" frameHeight="263"/>
	<SubTexture name="HoboPunch0005" x="0" y="565" width="281" height="260" frameX="-18" frameY="0" frameWidth="311" frameHeight="263"/>
	<SubTexture name="HoboPunch0006" x="0" y="565" width="281" height="260" frameX="-18" frameY="0" frameWidth="311" frameHeight="263"/>
	<SubTexture name="HoboPunch0007" x="281" y="565" width="229" height="248" frameX="-16" frameY="-12" frameWidth="311" frameHeight="263"/>
	<SubTexture name="HoboPunch0008" x="281" y="565" width="229" height="248" frameX="-16" frameY="-12" frameWidth="311" frameHeight="263"/>
	<SubTexture name="HoboPunch0009" x="281" y="565" width="229" height="248" frameX="-16" frameY="-12" frameWidth="311" frameHeight="263"/>
	<SubTexture name="HoboPunch0010" x="510" y="565" width="182" height="258" frameX="0" frameY="-5" frameWidth="311" frameHeight="263"/>
	<SubTexture name="HoboRoll0000" x="692" y="565" width="188" height="237" frameX="-30" frameY="-12" frameWidth="218" frameHeight="249"/>
	<SubTexture name="HoboRoll0001" x="880" y="565" width="209" height="195" frameX="-7" frameY="-54" frameWidth="218" frameHeight="249"/>
	<SubTexture name="HoboRoll0002" x="1089" y="565" width="205" height="194" frameX="-2" frameY="-55" frameWidth="218" frameHeight="249"/>
	<SubTexture name="HoboRoll0003" x="1294" y="565" width="191" height="226" frameX="0" frameY="-23" frameWidth="218" frameHeight="249"/>
	<SubTexture name="HoboRoll0004" x="1294" y="565" width="191" height="226" frameX="0" frameY="-23" frameWidth="218" frameHeight="249"/>
	<SubTexture name="HoboRoll0005" x="1485" y="565" width="184" height="248" frameX="-21" frameY="0" frameWidth="218" frameHeight="249"/>
	<SubTexture name="HoboRoll0006" x="1485" y="565" width="184" height="248" frameX="-21" frameY="0" frameWidth="218" frameHeight="249"/>
	<SubTexture name="HoboWalk0000" x="1669" y="565" width="188" height="262" frameX="-2" frameY="-4" frameWidth="190" frameHeight="266"/>
	<SubTexture name="HoboWalk0001" x="1669" y="565" width="188" height="262" frameX="-2" frameY="-4" frameWidth="190" frameHeight="266"/>
	<SubTexture name="HoboWalk0002" x="1857" y="565" width="186" height="266" frameX="-4" frameY="0" frameWidth="190" frameHeight="266"/>
	<SubTexture name="HoboWalk0003" x="1857" y="565" width="186" height="266" frameX="-4" frameY="0" frameWidth="190" frameHeight="266"/>
	<SubTexture name="HoboWalk0004" x="0" y="831" width="186" height="255" frameX="-4" frameY="-11" frameWidth="190" frameHeight="266"/>
	<SubTexture name="HoboWalk0005" x="0" y="831" width="186" height="255" frameX="-4" frameY="-11" frameWidth="190" frameHeight="266"/>
	<SubTexture name="HoboWalk0006" x="186" y="831" width="189" height="258" frameX="-1" frameY="-8" frameWidth="190" frameHeight="266"/>
	<SubTexture name="HoboWalk0007" x="186" y="831" width="189" height="258" frameX="-1" frameY="-8" frameWidth="190" frameHeight="266"/>
	<SubTexture name="HoboWalk0008" x="375" y="831" width="190" height="259" frameX="0" frameY="-7" frameWidth="190" frameHeight="266"/>
	<SubTexture name="HoboWalk0009" x="375" y="831" width="190" height="259" frameX="0" frameY="-7" frameWidth="190" frameHeight="266"/>
	<SubTexture name="HoboWalk0010" x="565" y="831" width="189" height="262" frameX="-1" frameY="-4" frameWidth="190" frameHeight="266"/>
	<SubTexture name="HoboWalk0011" x="565" y="831" width="189" height="262" frameX="-1" frameY="-4" frameWidth="190" frameHeight="266"/>
</TextureAtlas>
