﻿<?xml version="1.0" encoding="utf-8"?>
<TextureAtlas imagePath="suitIntro.png">
	<!-- Created with Adobe Animate version 19.2.0.405 -->
	<!-- http://www.adobe.com/products/animate.html -->
	<SubTexture name="suit-intro0000" x="0" y="0" width="580" height="275" frameX="-16" frameY="-16" frameWidth="596" frameHeight="291"/>
	<SubTexture name="suit-intro0001" x="580" y="0" width="574" height="275" frameX="-16" frameY="-16" frameWidth="596" frameHeight="291"/>
	<SubTexture name="suit-intro0002" x="1154" y="0" width="567" height="275" frameX="-16" frameY="-16" frameWidth="596" frameHeight="291"/>
	<SubTexture name="suit-intro0003" x="0" y="275" width="561" height="275" frameX="-16" frameY="-16" frameWidth="596" frameHeight="291"/>
	<SubTexture name="suit-intro0004" x="561" y="275" width="555" height="275" frameX="-16" frameY="-16" frameWidth="596" frameHeight="291"/>
	<SubTexture name="suit-intro0005" x="1116" y="275" width="548" height="275" frameX="-16" frameY="-16" frameWidth="596" frameHeight="291"/>
	<SubTexture name="suit-intro0006" x="0" y="550" width="542" height="275" frameX="-16" frameY="-16" frameWidth="596" frameHeight="291"/>
	<SubTexture name="suit-intro0007" x="542" y="550" width="564" height="275" frameX="-16" frameY="-16" frameWidth="596" frameHeight="291"/>
	<SubTexture name="suit-intro0008" x="1106" y="550" width="557" height="275" frameX="-16" frameY="-16" frameWidth="596" frameHeight="291"/>
	<SubTexture name="suit-intro0009" x="0" y="825" width="551" height="275" frameX="-16" frameY="-16" frameWidth="596" frameHeight="291"/>
	<SubTexture name="suit-intro0010" x="551" y="825" width="544" height="275" frameX="-16" frameY="-16" frameWidth="596" frameHeight="291"/>
	<SubTexture name="suit-intro0011" x="1095" y="825" width="538" height="275" frameX="-16" frameY="-16" frameWidth="596" frameHeight="291"/>
	<SubTexture name="suit-intro0012" x="0" y="1100" width="532" height="275" frameX="-16" frameY="-16" frameWidth="596" frameHeight="291"/>
	<SubTexture name="suit-intro0013" x="532" y="1100" width="525" height="275" frameX="-16" frameY="-16" frameWidth="596" frameHeight="291"/>
	<SubTexture name="suit-intro0014" x="1057" y="1100" width="490" height="275" frameX="-16" frameY="-16" frameWidth="596" frameHeight="291"/>
	<SubTexture name="suit-intro0015" x="1547" y="1100" width="484" height="275" frameX="-16" frameY="-16" frameWidth="596" frameHeight="291"/>
	<SubTexture name="suit-intro0016" x="0" y="1375" width="478" height="275" frameX="-16" frameY="-16" frameWidth="596" frameHeight="291"/>
	<SubTexture name="suit-intro0017" x="478" y="1375" width="471" height="275" frameX="-16" frameY="-16" frameWidth="596" frameHeight="291"/>
	<SubTexture name="suit-intro0018" x="949" y="1375" width="465" height="275" frameX="-16" frameY="-16" frameWidth="596" frameHeight="291"/>
	<SubTexture name="suit-intro0019" x="1414" y="1375" width="458" height="275" frameX="-16" frameY="-16" frameWidth="596" frameHeight="291"/>
	<SubTexture name="suit-intro0020" x="0" y="1650" width="452" height="275" frameX="-16" frameY="-16" frameWidth="596" frameHeight="291"/>
	<SubTexture name="suit-intro0021" x="452" y="1650" width="474" height="275" frameX="-16" frameY="-16" frameWidth="596" frameHeight="291"/>
	<SubTexture name="suit-intro0022" x="926" y="1650" width="467" height="275" frameX="-16" frameY="-16" frameWidth="596" frameHeight="291"/>
	<SubTexture name="suit-intro0023" x="1393" y="1650" width="461" height="275" frameX="-16" frameY="-16" frameWidth="596" frameHeight="291"/>
	<SubTexture name="suit-intro0024" x="0" y="1925" width="454" height="275" frameX="-16" frameY="-16" frameWidth="596" frameHeight="291"/>
	<SubTexture name="suit-intro0025" x="454" y="1925" width="448" height="275" frameX="-16" frameY="-16" frameWidth="596" frameHeight="291"/>
	<SubTexture name="suit-intro0026" x="902" y="1925" width="442" height="275" frameX="-16" frameY="-16" frameWidth="596" frameHeight="291"/>
	<SubTexture name="suit-intro0027" x="1344" y="1925" width="435" height="275" frameX="-16" frameY="-16" frameWidth="596" frameHeight="291"/>
	<SubTexture name="suit-intro0028" x="0" y="2200" width="401" height="275" frameX="-16" frameY="-16" frameWidth="596" frameHeight="291"/>
	<SubTexture name="suit-intro0029" x="401" y="2200" width="394" height="275" frameX="-16" frameY="-16" frameWidth="596" frameHeight="291"/>
	<SubTexture name="suit-intro0030" x="795" y="2200" width="388" height="275" frameX="-16" frameY="-16" frameWidth="596" frameHeight="291"/>
	<SubTexture name="suit-intro0031" x="1183" y="2200" width="381" height="275" frameX="-16" frameY="-16" frameWidth="596" frameHeight="291"/>
	<SubTexture name="suit-intro0032" x="1564" y="2200" width="375" height="275" frameX="-16" frameY="-16" frameWidth="596" frameHeight="291"/>
	<SubTexture name="suit-intro0033" x="0" y="2475" width="368" height="275" frameX="-16" frameY="-16" frameWidth="596" frameHeight="291"/>
	<SubTexture name="suit-intro0034" x="368" y="2475" width="364" height="274" frameX="-14" frameY="-17" frameWidth="596" frameHeight="291"/>
	<SubTexture name="suit-intro0035" x="732" y="2475" width="386" height="274" frameX="-14" frameY="-17" frameWidth="596" frameHeight="291"/>
	<SubTexture name="suit-intro0036" x="1118" y="2475" width="379" height="274" frameX="-14" frameY="-17" frameWidth="596" frameHeight="291"/>
	<SubTexture name="suit-intro0037" x="1497" y="2475" width="359" height="250" frameX="-28" frameY="-41" frameWidth="596" frameHeight="291"/>
	<SubTexture name="suit-intro0038" x="0" y="2750" width="353" height="250" frameX="-28" frameY="-41" frameWidth="596" frameHeight="291"/>
	<SubTexture name="suit-intro0039" x="353" y="2750" width="360" height="283" frameX="-14" frameY="-8" frameWidth="596" frameHeight="291"/>
	<SubTexture name="suit-intro0040" x="713" y="2750" width="354" height="283" frameX="-14" frameY="-8" frameWidth="596" frameHeight="291"/>
	<SubTexture name="suit-intro0041" x="1067" y="2750" width="347" height="283" frameX="-14" frameY="-8" frameWidth="596" frameHeight="291"/>
	<SubTexture name="suit-intro0042" x="1414" y="2750" width="321" height="282" frameX="-6" frameY="-9" frameWidth="596" frameHeight="291"/>
	<SubTexture name="suit-intro0043" x="0" y="3033" width="314" height="282" frameX="-6" frameY="-9" frameWidth="596" frameHeight="291"/>
	<SubTexture name="suit-intro0044" x="314" y="3033" width="308" height="282" frameX="-6" frameY="-9" frameWidth="596" frameHeight="291"/>
	<SubTexture name="suit-intro0045" x="622" y="3033" width="301" height="282" frameX="-6" frameY="-9" frameWidth="596" frameHeight="291"/>
	<SubTexture name="suit-intro0046" x="923" y="3033" width="295" height="282" frameX="-6" frameY="-9" frameWidth="596" frameHeight="291"/>
	<SubTexture name="suit-intro0047" x="1218" y="3033" width="288" height="282" frameX="-6" frameY="-9" frameWidth="596" frameHeight="291"/>
	<SubTexture name="suit-intro0048" x="1506" y="3033" width="283" height="282" frameX="-5" frameY="-9" frameWidth="596" frameHeight="291"/>
	<SubTexture name="suit-intro0049" x="0" y="3315" width="305" height="282" frameX="-5" frameY="-9" frameWidth="596" frameHeight="291"/>
	<SubTexture name="suit-intro0050" x="305" y="3315" width="298" height="282" frameX="-5" frameY="-9" frameWidth="596" frameHeight="291"/>
	<SubTexture name="suit-intro0051" x="603" y="3315" width="268" height="256" frameX="0" frameY="-35" frameWidth="596" frameHeight="291"/>
	<SubTexture name="suit-intro0052" x="603" y="3315" width="268" height="256" frameX="0" frameY="-35" frameWidth="596" frameHeight="291"/>
	<SubTexture name="suit-intro0053" x="871" y="3315" width="216" height="239" frameX="-5" frameY="-52" frameWidth="596" frameHeight="291"/>
	<SubTexture name="suit-intro0054" x="871" y="3315" width="216" height="239" frameX="-5" frameY="-52" frameWidth="596" frameHeight="291"/>
	<SubTexture name="suit-intro0055" x="1087" y="3315" width="223" height="291" frameX="-9" frameY="0" frameWidth="596" frameHeight="291"/>
	<SubTexture name="suit-intro0056" x="1087" y="3315" width="223" height="291" frameX="-9" frameY="0" frameWidth="596" frameHeight="291"/>
	<SubTexture name="suit-intro0057" x="1087" y="3315" width="223" height="291" frameX="-9" frameY="0" frameWidth="596" frameHeight="291"/>
	<SubTexture name="suit-intro0058" x="1310" y="3315" width="218" height="286" frameX="-9" frameY="-5" frameWidth="596" frameHeight="291"/>
	<SubTexture name="suit-intro0059" x="1310" y="3315" width="218" height="286" frameX="-9" frameY="-5" frameWidth="596" frameHeight="291"/>
	<SubTexture name="suit-intro0060" x="1310" y="3315" width="218" height="286" frameX="-9" frameY="-5" frameWidth="596" frameHeight="291"/>
	<SubTexture name="suit-intro0061" x="1528" y="3315" width="208" height="289" frameX="-15" frameY="-2" frameWidth="596" frameHeight="291"/>
	<SubTexture name="suit-intro0062" x="1528" y="3315" width="208" height="289" frameX="-15" frameY="-2" frameWidth="596" frameHeight="291"/>
	<SubTexture name="suit-intro0063" x="1736" y="3315" width="294" height="257" frameX="-24" frameY="-34" frameWidth="596" frameHeight="291"/>
	<SubTexture name="suit-intro0064" x="1736" y="3315" width="294" height="257" frameX="-24" frameY="-34" frameWidth="596" frameHeight="291"/>
	<SubTexture name="suit-intro0065" x="1736" y="3315" width="294" height="257" frameX="-24" frameY="-34" frameWidth="596" frameHeight="291"/>
	<SubTexture name="suit-intro0066" x="0" y="3606" width="287" height="256" frameX="-22" frameY="-35" frameWidth="596" frameHeight="291"/>
	<SubTexture name="suit-intro0067" x="0" y="3606" width="287" height="256" frameX="-22" frameY="-35" frameWidth="596" frameHeight="291"/>
	<SubTexture name="suit-intro0068" x="0" y="3606" width="287" height="256" frameX="-22" frameY="-35" frameWidth="596" frameHeight="291"/>
	<SubTexture name="suit-intro0069" x="287" y="3606" width="217" height="256" frameX="-27" frameY="-35" frameWidth="596" frameHeight="291"/>
	<SubTexture name="suit-intro0070" x="287" y="3606" width="217" height="256" frameX="-27" frameY="-35" frameWidth="596" frameHeight="291"/>
	<SubTexture name="suit-intro0071" x="504" y="3606" width="159" height="252" frameX="-62" frameY="-39" frameWidth="596" frameHeight="291"/>
	<SubTexture name="suit-intro0072" x="504" y="3606" width="159" height="252" frameX="-62" frameY="-39" frameWidth="596" frameHeight="291"/>
	<SubTexture name="suit-intro0073" x="663" y="3606" width="159" height="252" frameX="-62" frameY="-39" frameWidth="596" frameHeight="291"/>
	<SubTexture name="suit-intro0074" x="663" y="3606" width="159" height="252" frameX="-62" frameY="-39" frameWidth="596" frameHeight="291"/>
	<SubTexture name="suit-intro0075" x="663" y="3606" width="159" height="252" frameX="-62" frameY="-39" frameWidth="596" frameHeight="291"/>
	<SubTexture name="suit-intro0076" x="663" y="3606" width="159" height="252" frameX="-62" frameY="-39" frameWidth="596" frameHeight="291"/>
	<SubTexture name="suit-intro0077" x="822" y="3606" width="163" height="252" frameX="-59" frameY="-39" frameWidth="596" frameHeight="291"/>
	<SubTexture name="suit-intro0078" x="822" y="3606" width="163" height="252" frameX="-59" frameY="-39" frameWidth="596" frameHeight="291"/>
	<SubTexture name="suit-intro0079" x="985" y="3606" width="179" height="251" frameX="-42" frameY="-40" frameWidth="596" frameHeight="291"/>
	<SubTexture name="suit-intro0080" x="985" y="3606" width="179" height="251" frameX="-42" frameY="-40" frameWidth="596" frameHeight="291"/>
	<SubTexture name="suit-intro0081" x="1164" y="3606" width="270" height="252" frameX="-19" frameY="-39" frameWidth="596" frameHeight="291"/>
	<SubTexture name="suit-intro0082" x="1164" y="3606" width="270" height="252" frameX="-19" frameY="-39" frameWidth="596" frameHeight="291"/>
	<SubTexture name="suit-intro0083" x="1164" y="3606" width="270" height="252" frameX="-19" frameY="-39" frameWidth="596" frameHeight="291"/>
	<SubTexture name="suit-intro0084" x="1434" y="3606" width="248" height="251" frameX="-31" frameY="-40" frameWidth="596" frameHeight="291"/>
	<SubTexture name="suit-intro0085" x="1434" y="3606" width="248" height="251" frameX="-31" frameY="-40" frameWidth="596" frameHeight="291"/>
	<SubTexture name="suit-intro0086" x="1434" y="3606" width="248" height="251" frameX="-31" frameY="-40" frameWidth="596" frameHeight="291"/>
	<SubTexture name="suit-intro0087" x="1434" y="3606" width="248" height="251" frameX="-31" frameY="-40" frameWidth="596" frameHeight="291"/>
</TextureAtlas>
