﻿<?xml version="1.0" encoding="utf-8"?>
<TextureAtlas imagePath="suitOutro.png">
	<!-- Created with Adobe Animate version 19.2.0.405 -->
	<!-- http://www.adobe.com/products/animate.html -->
	<SubTexture name="suit-death0000" x="0" y="0" width="484" height="617" frameX="-8" frameY="-105" frameWidth="2030" frameHeight="722"/>
	<SubTexture name="suit-death0001" x="0" y="0" width="484" height="617" frameX="-8" frameY="-105" frameWidth="2030" frameHeight="722"/>
	<SubTexture name="suit-death0002" x="0" y="0" width="484" height="617" frameX="-8" frameY="-105" frameWidth="2030" frameHeight="722"/>
	<SubTexture name="suit-death0003" x="484" y="0" width="514" height="625" frameX="0" frameY="-97" frameWidth="2030" frameHeight="722"/>
	<SubTexture name="suit-death0004" x="484" y="0" width="514" height="625" frameX="0" frameY="-97" frameWidth="2030" frameHeight="722"/>
	<SubTexture name="suit-death0005" x="998" y="0" width="572" height="646" frameX="-74" frameY="-76" frameWidth="2030" frameHeight="722"/>
	<SubTexture name="suit-death0006" x="998" y="0" width="572" height="646" frameX="-74" frameY="-76" frameWidth="2030" frameHeight="722"/>
	<SubTexture name="suit-death0007" x="1570" y="0" width="565" height="679" frameX="-192" frameY="-43" frameWidth="2030" frameHeight="722"/>
	<SubTexture name="suit-death0008" x="1570" y="0" width="565" height="679" frameX="-192" frameY="-43" frameWidth="2030" frameHeight="722"/>
	<SubTexture name="suit-death0009" x="1570" y="0" width="565" height="679" frameX="-192" frameY="-43" frameWidth="2030" frameHeight="722"/>
	<SubTexture name="suit-death0010" x="2135" y="0" width="554" height="722" frameX="-231" frameY="0" frameWidth="2030" frameHeight="722"/>
	<SubTexture name="suit-death0011" x="2135" y="0" width="554" height="722" frameX="-231" frameY="0" frameWidth="2030" frameHeight="722"/>
	<SubTexture name="suit-death0012" x="2135" y="0" width="554" height="722" frameX="-231" frameY="0" frameWidth="2030" frameHeight="722"/>
	<SubTexture name="suit-death0013" x="2689" y="0" width="649" height="605" frameX="-233" frameY="-117" frameWidth="2030" frameHeight="722"/>
	<SubTexture name="suit-death0014" x="2689" y="0" width="649" height="605" frameX="-233" frameY="-117" frameWidth="2030" frameHeight="722"/>
	<SubTexture name="suit-death0015" x="0" y="722" width="1014" height="569" frameX="-124" frameY="-153" frameWidth="2030" frameHeight="722"/>
	<SubTexture name="suit-death0016" x="0" y="722" width="1014" height="569" frameX="-124" frameY="-153" frameWidth="2030" frameHeight="722"/>
	<SubTexture name="suit-death0017" x="1014" y="722" width="962" height="618" frameX="-150" frameY="-104" frameWidth="2030" frameHeight="722"/>
	<SubTexture name="suit-death0018" x="1014" y="722" width="962" height="618" frameX="-150" frameY="-104" frameWidth="2030" frameHeight="722"/>
	<SubTexture name="suit-death0019" x="1014" y="722" width="962" height="618" frameX="-150" frameY="-104" frameWidth="2030" frameHeight="722"/>
	<SubTexture name="suit-death0020" x="1976" y="722" width="962" height="582" frameX="-150" frameY="-140" frameWidth="2030" frameHeight="722"/>
	<SubTexture name="suit-death0021" x="1976" y="722" width="962" height="582" frameX="-150" frameY="-140" frameWidth="2030" frameHeight="722"/>
	<SubTexture name="suit-death0022" x="2938" y="722" width="962" height="462" frameX="-150" frameY="-260" frameWidth="2030" frameHeight="722"/>
	<SubTexture name="suit-death0023" x="0" y="1340" width="999" height="462" frameX="-150" frameY="-260" frameWidth="2030" frameHeight="722"/>
	<SubTexture name="suit-death0024" x="999" y="1340" width="1036" height="452" frameX="-150" frameY="-270" frameWidth="2030" frameHeight="722"/>
	<SubTexture name="suit-death0025" x="2035" y="1340" width="1073" height="454" frameX="-150" frameY="-268" frameWidth="2030" frameHeight="722"/>
	<SubTexture name="suit-death0026" x="0" y="1802" width="1111" height="464" frameX="-150" frameY="-258" frameWidth="2030" frameHeight="722"/>
	<SubTexture name="suit-death0027" x="1111" y="1802" width="1148" height="466" frameX="-150" frameY="-256" frameWidth="2030" frameHeight="722"/>
	<SubTexture name="suit-death0028" x="2259" y="1802" width="1186" height="459" frameX="-150" frameY="-263" frameWidth="2030" frameHeight="722"/>
	<SubTexture name="suit-death0029" x="0" y="2268" width="1223" height="460" frameX="-150" frameY="-262" frameWidth="2030" frameHeight="722"/>
	<SubTexture name="suit-death0030" x="1223" y="2268" width="1261" height="471" frameX="-150" frameY="-251" frameWidth="2030" frameHeight="722"/>
	<SubTexture name="suit-death0031" x="2484" y="2268" width="1298" height="473" frameX="-150" frameY="-249" frameWidth="2030" frameHeight="722"/>
	<SubTexture name="suit-death0032" x="0" y="2741" width="1336" height="465" frameX="-150" frameY="-257" frameWidth="2030" frameHeight="722"/>
	<SubTexture name="suit-death0033" x="1336" y="2741" width="1373" height="467" frameX="-150" frameY="-255" frameWidth="2030" frameHeight="722"/>
	<SubTexture name="suit-death0034" x="0" y="3208" width="1410" height="478" frameX="-150" frameY="-244" frameWidth="2030" frameHeight="722"/>
	<SubTexture name="suit-death0035" x="1410" y="3208" width="1449" height="480" frameX="-150" frameY="-242" frameWidth="2030" frameHeight="722"/>
	<SubTexture name="suit-death0036" x="0" y="3688" width="1488" height="472" frameX="-150" frameY="-250" frameWidth="2030" frameHeight="722"/>
	<SubTexture name="suit-death0037" x="1488" y="3688" width="1527" height="474" frameX="-150" frameY="-248" frameWidth="2030" frameHeight="722"/>
	<SubTexture name="suit-death0038" x="0" y="4162" width="1566" height="485" frameX="-150" frameY="-237" frameWidth="2030" frameHeight="722"/>
	<SubTexture name="suit-death0039" x="1566" y="4162" width="1606" height="487" frameX="-150" frameY="-235" frameWidth="2030" frameHeight="722"/>
	<SubTexture name="suit-death0040" x="0" y="4649" width="1645" height="479" frameX="-150" frameY="-243" frameWidth="2030" frameHeight="722"/>
	<SubTexture name="suit-death0041" x="1645" y="4649" width="1684" height="480" frameX="-150" frameY="-242" frameWidth="2030" frameHeight="722"/>
	<SubTexture name="suit-death0042" x="0" y="5129" width="1723" height="492" frameX="-150" frameY="-230" frameWidth="2030" frameHeight="722"/>
	<SubTexture name="suit-death0043" x="1723" y="5129" width="1763" height="494" frameX="-150" frameY="-228" frameWidth="2030" frameHeight="722"/>
	<SubTexture name="suit-death0044" x="0" y="5623" width="1802" height="485" frameX="-150" frameY="-237" frameWidth="2030" frameHeight="722"/>
	<SubTexture name="suit-death0045" x="1802" y="5623" width="1841" height="487" frameX="-150" frameY="-235" frameWidth="2030" frameHeight="722"/>
	<SubTexture name="suit-death0046" x="0" y="6110" width="1880" height="499" frameX="-150" frameY="-223" frameWidth="2030" frameHeight="722"/>
	<SubTexture name="suit-death0047" x="1880" y="6110" width="962" height="318" frameX="-150" frameY="-404" frameWidth="2030" frameHeight="722"/>
	<SubTexture name="suit-death0048" x="1880" y="6110" width="962" height="318" frameX="-150" frameY="-404" frameWidth="2030" frameHeight="722"/>
	<SubTexture name="suit-death0049" x="1880" y="6110" width="962" height="318" frameX="-150" frameY="-404" frameWidth="2030" frameHeight="722"/>
	<SubTexture name="suit-death0050" x="1880" y="6110" width="962" height="318" frameX="-150" frameY="-404" frameWidth="2030" frameHeight="722"/>
	<SubTexture name="suit-death0051" x="1880" y="6110" width="962" height="318" frameX="-150" frameY="-404" frameWidth="2030" frameHeight="722"/>
	<SubTexture name="suit-death0052" x="1880" y="6110" width="962" height="318" frameX="-150" frameY="-404" frameWidth="2030" frameHeight="722"/>
	<SubTexture name="suit-death0053" x="1880" y="6110" width="962" height="318" frameX="-150" frameY="-404" frameWidth="2030" frameHeight="722"/>
	<SubTexture name="suit-death0054" x="1880" y="6110" width="962" height="318" frameX="-150" frameY="-404" frameWidth="2030" frameHeight="722"/>
	<SubTexture name="suit-death0055" x="1880" y="6110" width="962" height="318" frameX="-150" frameY="-404" frameWidth="2030" frameHeight="722"/>
	<SubTexture name="suit-death0056" x="1880" y="6110" width="962" height="318" frameX="-150" frameY="-404" frameWidth="2030" frameHeight="722"/>
	<SubTexture name="suit-death0057" x="1880" y="6110" width="962" height="318" frameX="-150" frameY="-404" frameWidth="2030" frameHeight="722"/>
	<SubTexture name="suit-death0058" x="1880" y="6110" width="962" height="318" frameX="-150" frameY="-404" frameWidth="2030" frameHeight="722"/>
</TextureAtlas>
