﻿<?xml version="1.0" encoding="utf-8"?>
<TextureAtlas imagePath="suitMain.png">
	<!-- Created with Adobe Animate version 19.2.0.405 -->
	<!-- http://www.adobe.com/products/animate.html -->
	<SubTexture name="suit-attack0000" x="0" y="0" width="495" height="613" frameX="-254" frameY="-211" frameWidth="931" frameHeight="824"/>
	<SubTexture name="suit-attack0001" x="0" y="0" width="495" height="613" frameX="-254" frameY="-211" frameWidth="931" frameHeight="824"/>
	<SubTexture name="suit-attack0002" x="0" y="0" width="495" height="613" frameX="-254" frameY="-211" frameWidth="931" frameHeight="824"/>
	<SubTexture name="suit-attack0003" x="495" y="0" width="524" height="655" frameX="-225" frameY="-169" frameWidth="931" frameHeight="824"/>
	<SubTexture name="suit-attack0004" x="495" y="0" width="524" height="655" frameX="-225" frameY="-169" frameWidth="931" frameHeight="824"/>
	<SubTexture name="suit-attack0005" x="495" y="0" width="524" height="655" frameX="-225" frameY="-169" frameWidth="931" frameHeight="824"/>
	<SubTexture name="suit-attack0006" x="1019" y="0" width="609" height="682" frameX="-233" frameY="-142" frameWidth="931" frameHeight="824"/>
	<SubTexture name="suit-attack0007" x="1019" y="0" width="609" height="682" frameX="-233" frameY="-142" frameWidth="931" frameHeight="824"/>
	<SubTexture name="suit-attack0008" x="1628" y="0" width="690" height="824" frameX="-241" frameY="0" frameWidth="931" frameHeight="824"/>
	<SubTexture name="suit-attack0009" x="1628" y="0" width="690" height="824" frameX="-241" frameY="0" frameWidth="931" frameHeight="824"/>
	<SubTexture name="suit-attack0010" x="1628" y="0" width="690" height="824" frameX="-241" frameY="0" frameWidth="931" frameHeight="824"/>
	<SubTexture name="suit-attack0011" x="1628" y="0" width="690" height="824" frameX="-241" frameY="0" frameWidth="931" frameHeight="824"/>
	<SubTexture name="suit-attack0012" x="2318" y="0" width="665" height="818" frameX="-266" frameY="-6" frameWidth="931" frameHeight="824"/>
	<SubTexture name="suit-attack0013" x="2318" y="0" width="665" height="818" frameX="-266" frameY="-6" frameWidth="931" frameHeight="824"/>
	<SubTexture name="suit-attack0014" x="2318" y="0" width="665" height="818" frameX="-266" frameY="-6" frameWidth="931" frameHeight="824"/>
	<SubTexture name="suit-attack0015" x="2318" y="0" width="665" height="818" frameX="-266" frameY="-6" frameWidth="931" frameHeight="824"/>
	<SubTexture name="suit-attack0016" x="2318" y="0" width="665" height="818" frameX="-266" frameY="-6" frameWidth="931" frameHeight="824"/>
	<SubTexture name="suit-attack0017" x="2318" y="0" width="665" height="818" frameX="-266" frameY="-6" frameWidth="931" frameHeight="824"/>
	<SubTexture name="suit-attack0018" x="2318" y="0" width="665" height="818" frameX="-266" frameY="-6" frameWidth="931" frameHeight="824"/>
	<SubTexture name="suit-attack0019" x="2983" y="0" width="633" height="633" frameX="-254" frameY="-191" frameWidth="931" frameHeight="824"/>
	<SubTexture name="suit-attack0020" x="0" y="824" width="749" height="711" frameX="0" frameY="-113" frameWidth="931" frameHeight="824"/>
	<SubTexture name="suit-attack0021" x="0" y="824" width="749" height="711" frameX="0" frameY="-113" frameWidth="931" frameHeight="824"/>
	<SubTexture name="suit-attack0022" x="0" y="824" width="749" height="711" frameX="0" frameY="-113" frameWidth="931" frameHeight="824"/>
	<SubTexture name="suit-attack0023" x="749" y="824" width="736" height="738" frameX="-13" frameY="-86" frameWidth="931" frameHeight="824"/>
	<SubTexture name="suit-attack0024" x="749" y="824" width="736" height="738" frameX="-13" frameY="-86" frameWidth="931" frameHeight="824"/>
	<SubTexture name="suit-attack0025" x="749" y="824" width="736" height="738" frameX="-13" frameY="-86" frameWidth="931" frameHeight="824"/>
	<SubTexture name="suit-attack0026" x="749" y="824" width="736" height="738" frameX="-13" frameY="-86" frameWidth="931" frameHeight="824"/>
	<SubTexture name="suit-attack0027" x="1485" y="824" width="664" height="762" frameX="-85" frameY="-62" frameWidth="931" frameHeight="824"/>
	<SubTexture name="suit-attack0028" x="1485" y="824" width="664" height="762" frameX="-85" frameY="-62" frameWidth="931" frameHeight="824"/>
	<SubTexture name="suit-attack0029" x="2149" y="824" width="572" height="720" frameX="-177" frameY="-104" frameWidth="931" frameHeight="824"/>
	<SubTexture name="suit-attack0030" x="2149" y="824" width="572" height="720" frameX="-177" frameY="-104" frameWidth="931" frameHeight="824"/>
	<SubTexture name="suit-attack0031" x="2721" y="824" width="525" height="536" frameX="-233" frameY="-288" frameWidth="931" frameHeight="824"/>
	<SubTexture name="suit-attack0032" x="2721" y="824" width="525" height="536" frameX="-233" frameY="-288" frameWidth="931" frameHeight="824"/>
	<SubTexture name="suit-attack0033" x="2721" y="824" width="525" height="536" frameX="-233" frameY="-288" frameWidth="931" frameHeight="824"/>
	<SubTexture name="suit-attack0034" x="3246" y="824" width="495" height="613" frameX="-254" frameY="-211" frameWidth="931" frameHeight="824"/>
	<SubTexture name="suit-idle0000" x="3246" y="824" width="495" height="613" frameX="0" frameY="-21" frameWidth="931" frameHeight="824"/>
	<SubTexture name="suit-idle0001" x="3246" y="824" width="495" height="613" frameX="0" frameY="-21" frameWidth="931" frameHeight="824"/>
	<SubTexture name="suit-idle0002" x="3246" y="824" width="495" height="613" frameX="0" frameY="-21" frameWidth="931" frameHeight="824"/>
	<SubTexture name="suit-idle0003" x="3246" y="824" width="495" height="613" frameX="0" frameY="-21" frameWidth="931" frameHeight="824"/>
	<SubTexture name="suit-idle0004" x="3246" y="824" width="495" height="613" frameX="0" frameY="-21" frameWidth="931" frameHeight="824"/>
	<SubTexture name="suit-idle0005" x="3246" y="824" width="495" height="613" frameX="0" frameY="-21" frameWidth="931" frameHeight="824"/>
	<SubTexture name="suit-idle0006" x="0" y="1586" width="474" height="634" frameX="-21" frameY="0" frameWidth="495" frameHeight="634"/>
	<SubTexture name="suit-idle0007" x="0" y="1586" width="474" height="634" frameX="-21" frameY="0" frameWidth="495" frameHeight="634"/>
	<SubTexture name="suit-idle0008" x="0" y="1586" width="474" height="634" frameX="-21" frameY="0" frameWidth="495" frameHeight="634"/>
	<SubTexture name="suit-idle0009" x="0" y="1586" width="474" height="634" frameX="-21" frameY="0" frameWidth="495" frameHeight="634"/>
	<SubTexture name="suit-idle0010" x="0" y="1586" width="474" height="634" frameX="-21" frameY="0" frameWidth="495" frameHeight="634"/>
	<SubTexture name="suit-idle0011" x="0" y="1586" width="474" height="634" frameX="-21" frameY="0" frameWidth="495" frameHeight="634"/>
	<SubTexture name="suit-idle0012" x="0" y="1586" width="474" height="634" frameX="-21" frameY="0" frameWidth="495" frameHeight="634"/>
	<SubTexture name="suit-walk0000" x="474" y="1586" width="484" height="617" frameX="-23" frameY="-1" frameWidth="563" frameHeight="618"/>
	<SubTexture name="suit-walk0001" x="474" y="1586" width="484" height="617" frameX="-23" frameY="-1" frameWidth="563" frameHeight="618"/>
	<SubTexture name="suit-walk0002" x="474" y="1586" width="484" height="617" frameX="-23" frameY="-1" frameWidth="563" frameHeight="618"/>
	<SubTexture name="suit-walk0003" x="958" y="1586" width="492" height="610" frameX="-15" frameY="-8" frameWidth="563" frameHeight="618"/>
	<SubTexture name="suit-walk0004" x="958" y="1586" width="492" height="610" frameX="-15" frameY="-8" frameWidth="563" frameHeight="618"/>
	<SubTexture name="suit-walk0005" x="1450" y="1586" width="499" height="612" frameX="-8" frameY="-6" frameWidth="563" frameHeight="618"/>
	<SubTexture name="suit-walk0006" x="1450" y="1586" width="499" height="612" frameX="-8" frameY="-6" frameWidth="563" frameHeight="618"/>
	<SubTexture name="suit-walk0007" x="1450" y="1586" width="499" height="612" frameX="-8" frameY="-6" frameWidth="563" frameHeight="618"/>
	<SubTexture name="suit-walk0008" x="1949" y="1586" width="513" height="618" frameX="0" frameY="0" frameWidth="563" frameHeight="618"/>
	<SubTexture name="suit-walk0009" x="1949" y="1586" width="513" height="618" frameX="0" frameY="0" frameWidth="563" frameHeight="618"/>
	<SubTexture name="suit-walk0010" x="2462" y="1586" width="484" height="617" frameX="-23" frameY="-1" frameWidth="563" frameHeight="618"/>
	<SubTexture name="suit-walk0011" x="2462" y="1586" width="484" height="617" frameX="-23" frameY="-1" frameWidth="563" frameHeight="618"/>
	<SubTexture name="suit-walk0012" x="2462" y="1586" width="484" height="617" frameX="-23" frameY="-1" frameWidth="563" frameHeight="618"/>
	<SubTexture name="suit-walk0013" x="2946" y="1586" width="453" height="616" frameX="-62" frameY="-2" frameWidth="563" frameHeight="618"/>
	<SubTexture name="suit-walk0014" x="2946" y="1586" width="453" height="616" frameX="-62" frameY="-2" frameWidth="563" frameHeight="618"/>
	<SubTexture name="suit-walk0015" x="3399" y="1586" width="465" height="617" frameX="-73" frameY="-1" frameWidth="563" frameHeight="618"/>
	<SubTexture name="suit-walk0016" x="3399" y="1586" width="465" height="617" frameX="-73" frameY="-1" frameWidth="563" frameHeight="618"/>
	<SubTexture name="suit-walk0017" x="3399" y="1586" width="465" height="617" frameX="-73" frameY="-1" frameWidth="563" frameHeight="618"/>
	<SubTexture name="suit-walk0018" x="0" y="2220" width="501" height="616" frameX="-62" frameY="-2" frameWidth="563" frameHeight="618"/>
	<SubTexture name="suit-walk0019" x="0" y="2220" width="501" height="616" frameX="-62" frameY="-2" frameWidth="563" frameHeight="618"/>
</TextureAtlas>
